device_ip,device_name,device_type,zone,window_id,timestamp,total_packets,unique_destinations,unique_ports,avg_packet_size,protocol_diversity,modbus_ratio,mqtt_ratio,http_ratio,scan_rate,write_ratio,cross_zone_ratio
192.168.10.10,PLC1,PLC,OT,1,2026-06-01 12:00:10,26,1,1,63.31,0.3708,0.849,0.0,0.0,0.0,0.0,0.0
192.168.10.11,PLC2,PLC,OT,1,2026-06-01 12:00:10,26,1,1,71.62,0.3383,0.9784,0.0,0.0,0.0,0.0,0.0
192.168.10.20,HMI,HMI,OT,1,2026-06-01 12:00:10,17,1,2,62.83,0.0159,0.8187,0.0,0.0,0.0,0.0,0.0
192.168.10.50,Engineering-WS,WORKSTATION,OT,1,2026-06-01 12:00:10,60,5,11,44.74,1.6163,0.0033,0.0,0.05,0.61,0.0,0.3067
192.168.20.10,Sensor-Temp,SENSOR,IoT,1,2026-06-01 12:00:10,8,1,1,61.65,0.358,0.0,0.8403,0.0,0.0,0.0,0.0
192.168.20.11,Sensor-Press,SENSOR,IoT,1,2026-06-01 12:00:10,7,2,1,61.68,0.2246,0.0,0.7556,0.0,0.0,0.0,0.0
192.168.20.100,MQTT-Broker,BROKER,IoT,1,2026-06-01 12:00:10,10,1,1,65.21,0.3491,0.0,0.7681,0.0,0.0,0.0,0.0
192.168.30.10,CCTV-Camera,CAMERA,DMZ,1,2026-06-01 12:00:10,1,1,1,55.38,0.4786,0.0,0.0,0.6673,0.0,0.0,0.0
192.168.30.100,Cloud-Gateway,GATEWAY,DMZ,1,2026-06-01 12:00:10,7,1,2,58.94,0.0484,0.0,0.0,0.0,0.0,0.0,0.0
192.168.10.10,PLC1,PLC,OT,2,2026-06-01 12:00:20,25,2,2,59.46,0.4036,0.9459,0.0,0.0,0.0,0.0,0.0
192.168.10.11,PLC2,PLC,OT,2,2026-06-01 12:00:20,20,1,2,71.33,0.0394,0.8586,0.0,0.0,0.0,0.0,0.0
192.168.10.20,HMI,HMI,OT,2,2026-06-01 12:00:20,17,2,1,64.34,0.3523,0.8092,0.0,0.0,0.0,0.0,0.0
192.168.10.50,Engineering-WS,WORKSTATION,OT,2,2026-06-01 12:00:20,70,6,12,35.73,1.6139,0.0067,0.0,0.05,0.62,0.0,0.3133
192.168.20.10,Sensor-Temp,SENSOR,IoT,2,2026-06-01 12:00:20,4,2,1,64.55,0.4277,0.0,0.8733,0.0,0.0,0.0,0.0
192.168.20.11,Sensor-Press,SENSOR,IoT,2,2026-06-01 12:00:20,2,2,2,65.88,0.2267,0.0,0.8668,0.0,0.0,0.0,0.0
192.168.20.100,MQTT-Broker,BROKER,IoT,2,2026-06-01 12:00:20,10,1,2,62.54,0.1776,0.0,0.834,0.0,0.0,0.0,0.0
192.168.30.10,CCTV-Camera,CAMERA,DMZ,2,2026-06-01 12:00:20,2,1,1,73.26,0.2671,0.0,0.0,0.649,0.0,0.0,0.0
192.168.30.100,Cloud-Gateway,GATEWAY,DMZ,2,2026-06-01 12:00:20,8,2,2,58.71,0.135,0.0,0.0,0.0,0.0,0.0,0.0
192.168.10.10,PLC1,PLC,OT,3,2026-06-01 12:00:30,27,1,2,57.9,0.4214,0.9552,0.0,0.0,0.0,0.0,0.0
192.168.10.11,PLC2,PLC,OT,3,2026-06-01 12:00:30,25,1,1,54.2,0.4025,0.8802,0.0,0.0,0.0,0.0,0.0
192.168.10.20,HMI,HMI,OT,3,2026-06-01 12:00:30,14,1,1,64.98,0.4566,0.9134,0.0,0.0,0.0,0.0,0.0
192.168.10.50,Engineering-WS,WORKSTATION,OT,3,2026-06-01 12:00:30,80,7,14,42.22,1.859,0.01,0.0,0.05,0.63,0.0,0.32
192.168.20.10,Sensor-Temp,SENSOR,IoT,3,2026-06-01 12:00:30,6,1,2,63.42,0.1978,0.0,0.8829,0.0,0.0,0.0,0.0
192.168.20.11,Sensor-Press,SENSOR,IoT,3,2026-06-01 12:00:30,5,2,1,56.61,0.1324,0.0,0.7493,0.0,0.0,0.0,0.0
192.168.20.100,MQTT-Broker,BROKER,IoT,3,2026-06-01 12:00:30,9,2,2,61.7,0.4489,0.0,0.7799,0.0,0.0,0.0,0.0
192.168.30.10,CCTV-Camera,CAMERA,DMZ,3,2026-06-01 12:00:30,7,1,1,65.72,0.2548,0.0,0.0,0.6182,0.0,0.0,0.0
192.168.30.100,Cloud-Gateway,GATEWAY,DMZ,3,2026-06-01 12:00:30,3,1,1,65.62,0.0764,0.0,0.0,0.0,0.0,0.0,0.0
192.168.10.10,PLC1,PLC,OT,4,2026-06-01 12:00:40,23,1,2,60.62,0.2982,0.877,0.0,0.0,0.0,0.0,0.0
192.168.10.11,PLC2,PLC,OT,4,2026-06-01 12:00:40,26,2,2,69.15,0.4855,0.9722,0.0,0.0,0.0,0.0,0.0
192.168.10.20,HMI,HMI,OT,4,2026-06-01 12:00:40,20,1,1,59.8,0.3409,0.9074,0.0,0.0,0.0,0.0,0.0
192.168.10.50,Engineering-WS,WORKSTATION,OT,4,2026-06-01 12:00:40,90,7,15,39.07,1.6334,0.0133,0.0,0.05,0.64,0.0,0.3267
192.168.20.10,Sensor-Temp,SENSOR,IoT,4,2026-06-01 12:00:40,6,2,1,68.88,0.1468,0.0,0.7316,0.0,0.0,0.0,0.0
192.168.20.11,Sensor-Press,SENSOR,IoT,4,2026-06-01 12:00:40,4,1,2,63.07,0.4859,0.0,0.8524,0.0,0.0,0.0,0.0
192.168.20.100,MQTT-Broker,BROKER,IoT,4,2026-06-01 12:00:40,8,1,2,58.02,0.4208,0.0,0.8015,0.0,0.0,0.0,0.0
192.168.30.10,CCTV-Camera,CAMERA,DMZ,4,2026-06-01 12:00:40,6,1,1,70.78,0.187,0.0,0.0,0.6323,0.0,0.0,0.0
192.168.30.100,Cloud-Gateway,GATEWAY,DMZ,4,2026-06-01 12:00:40,8,1,2,69.02,0.2443,0.0,0.0,0.0,0.0,0.0,0.0
192.168.10.10,PLC1,PLC,OT,5,2026-06-01 12:00:50,26,1,2,60.77,0.4394,0.9663,0.0,0.0,0.0,0.0,0.0
192.168.10.11,PLC2,PLC,OT,5,2026-06-01 12:00:50,26,2,1,71.69,0.029,0.9756,0.0,0.0,0.0,0.0,0.0
192.168.10.20,HMI,HMI,OT,5,2026-06-01 12:00:50,17,1,1,71.82,0.366,0.9632,0.0,0.0,0.0,0.0,0.0
192.168.10.50,Engineering-WS,WORKSTATION,OT,5,2026-06-01 12:00:50,100,8,16,32.14,1.989,0.0167,0.0,0.05,0.65,0.0,0.3333
192.168.20.10,Sensor-Temp,SENSOR,IoT,5,2026-06-01 12:00:50,8,1,1,64.44,0.3299,0.0,0.8894,0.0,0.0,0.0,0.0
192.168.20.11,Sensor-Press,SENSOR,IoT,5,2026-06-01 12:00:50,5,1,2,64.46,0.2638,0.0,0.8213,0.0,0.0,0.0,0.0
192.168.20.100,MQTT-Broker,BROKER,IoT,5,2026-06-01 12:00:50,6,1,1,62.9,0.3565,0.0,0.7798,0.0,0.0,0.0,0.0
192.168.30.10,CCTV-Camera,CAMERA,DMZ,5,2026-06-01 12:00:50,5,2,2,71.39,0.4498,0.0,0.0,0.6903,0.0,0.0,0.0
192.168.30.100,Cloud-Gateway,GATEWAY,DMZ,5,2026-06-01 12:00:50,7,1,1,59.96,0.032,0.0,0.0,0.0,0.0,0.0,0.0
192.168.10.10,PLC1,PLC,OT,6,2026-06-01 12:01:00,23,1,1,68.58,0.2942,0.8014,0.0,0.0,0.0,0.0,0.0
192.168.10.11,PLC2,PLC,OT,6,2026-06-01 12:01:00,25,1,1,61.35,0.0337,0.8063,0.0,0.0,0.0,0.0,0.0
192.168.10.20,HMI,HMI,OT,6,2026-06-01 12:01:00,19,2,1,64.49,0.2571,0.8557,0.0,0.0,0.0,0.0,0.0
192.168.10.50,Engineering-WS,WORKSTATION,OT,6,2026-06-01 12:01:00,110,9,18,42.91,1.7427,0.02,0.0,0.05,0.66,0.0,0.34
192.168.20.10,Sensor-Temp,SENSOR,IoT,6,2026-06-01 12:01:00,3,1,2,62.36,0.1215,0.0,0.7946,0.0,0.0,0.0,0.0
192.168.20.11,Sensor-Press,SENSOR,IoT,6,2026-06-01 12:01:00,4,2,1,56.68,0.0472,0.0,0.8318,0.0,0.0,0.0,0.0
192.168.20.100,MQTT-Broker,BROKER,IoT,6,2026-06-01 12:01:00,12,2,2,65.31,0.2056,0.0,0.8728,0.0,0.0,0.0,0.0
192.168.30.10,CCTV-Camera,CAMERA,DMZ,6,2026-06-01 12:01:00,4,1,1,62.83,0.0303,0.0,0.0,0.7456,0.0,0.0,0.0
192.168.30.100,Cloud-Gateway,GATEWAY,DMZ,6,2026-06-01 12:01:00,4,1,1,61.9,0.0958,0.0,0.0,0.0,0.0,0.0,0.0
192.168.10.10,PLC1,PLC,OT,7,2026-06-01 12:01:10,23,2,1,59.99,0.2109,0.8557,0.0,0.0,0.0,0.0,0.0
192.168.10.11,PLC2,PLC,OT,7,2026-06-01 12:01:10,24,1,1,66.02,0.2216,0.9723,0.0,0.0,0.0,0.0,0.0
192.168.10.20,HMI,HMI,OT,7,2026-06-01 12:01:10,23,1,1,64.87,0.3261,0.9081,0.0,0.0,0.0,0.0,0.0
192.168.10.50,Engineering-WS,WORKSTATION,OT,7,2026-06-01 12:01:10,120,9,19,40.77,1.5074,0.0233,0.0,0.05,0.67,0.0,0.3467
192.168.20.10,Sensor-Temp,SENSOR,IoT,7,2026-06-01 12:01:10,5,1,1,54.41,0.0832,0.0,0.7971,0.0,0.0,0.0,0.0
192.168.20.11,Sensor-Press,SENSOR,IoT,7,2026-06-01 12:01:10,5,1,2,64.3,0.4512,0.0,0.7329,0.0,0.0,0.0,0.0
192.168.20.100,MQTT-Broker,BROKER,IoT,7,2026-06-01 12:01:10,19,1,2,63.04,0.1326,0.0,0.8568,0.0,0.0,0.0,0.0
192.168.30.10,CCTV-Camera,CAMERA,DMZ,7,2026-06-01 12:01:10,4,2,2,63.83,0.2115,0.0,0.0,0.7915,0.0,0.0,0.0
192.168.30.100,Cloud-Gateway,GATEWAY,DMZ,7,2026-06-01 12:01:10,5,2,1,69.71,0.0949,0.0,0.0,0.0,0.0,0.0,0.0
192.168.10.10,PLC1,PLC,OT,8,2026-06-01 12:01:20,27,1,1,67.96,0.2896,0.9084,0.0,0.0,0.0,0.0,0.0
192.168.10.11,PLC2,PLC,OT,8,2026-06-01 12:01:20,22,2,1,71.01,0.0251,0.8954,0.0,0.0,0.0,0.0,0.0
192.168.10.20,HMI,HMI,OT,8,2026-06-01 12:01:20,13,1,1,66.93,0.4804,0.816,0.0,0.0,0.0,0.0,0.0
192.168.10.50,Engineering-WS,WORKSTATION,OT,8,2026-06-01 12:01:20,130,10,20,46.57,1.5929,0.0267,0.0,0.05,0.68,0.0,0.3533
192.168.20.10,Sensor-Temp,SENSOR,IoT,8,2026-06-01 12:01:20,3,1,1,61.17,0.2019,0.0,0.8883,0.0,0.0,0.0,0.0
192.168.20.11,Sensor-Press,SENSOR,IoT,8,2026-06-01 12:01:20,6,1,1,61.48,0.3097,0.0,0.7838,0.0,0.0,0.0,0.0
192.168.20.100,MQTT-Broker,BROKER,IoT,8,2026-06-01 12:01:20,7,2,2,64.34,0.1021,0.0,0.8432,0.0,0.0,0.0,0.0
192.168.30.10,CCTV-Camera,CAMERA,DMZ,8,2026-06-01 12:01:20,1,1,2,66.37,0.1979,0.0,0.0,0.7343,0.0,0.0,0.0
192.168.30.100,Cloud-Gateway,GATEWAY,DMZ,8,2026-06-01 12:01:20,6,2,2,71.75,0.1581,0.0,0.0,0.0,0.0,0.0,0.0
192.168.10.10,PLC1,PLC,OT,9,2026-06-01 12:01:30,22,1,1,62.39,0.2291,0.9997,0.0,0.0,0.0,0.0,0.0
192.168.10.11,PLC2,PLC,OT,9,2026-06-01 12:01:30,27,1,1,57.85,0.2688,0.9012,0.0,0.0,0.0,0.0,0.0
192.168.10.20,HMI,HMI,OT,9,2026-06-01 12:01:30,18,1,2,70.54,0.4404,0.9759,0.0,0.0,0.0,0.0,0.0
192.168.10.50,Engineering-WS,WORKSTATION,OT,9,2026-06-01 12:01:30,200,4,7,71.96,1.2473,0.5,0.0,0.0,0.2834,0.3,0.6407
192.168.20.10,Sensor-Temp,SENSOR,IoT,9,2026-06-01 12:01:30,6,1,2,65.3,0.4659,0.0,0.7207,0.0,0.0,0.0,0.0
192.168.20.11,Sensor-Press,SENSOR,IoT,9,2026-06-01 12:01:30,8,1,2,57.82,0.0577,0.0,0.7214,0.0,0.0,0.0,0.0
192.168.20.100,MQTT-Broker,BROKER,IoT,9,2026-06-01 12:01:30,8,1,2,66.61,0.1409,0.0,0.7421,0.0,0.0,0.0,0.0
192.168.30.10,CCTV-Camera,CAMERA,DMZ,9,2026-06-01 12:01:30,4,2,1,65.25,0.3437,0.0,0.0,0.7706,0.0,0.0,0.0
192.168.30.100,Cloud-Gateway,GATEWAY,DMZ,9,2026-06-01 12:01:30,10,2,2,60.6,0.4527,0.0,0.0,0.0,0.0,0.0,0.0
192.168.10.10,PLC1,PLC,OT,10,2026-06-01 12:01:40,25,1,1,65.47,0.3171,0.9659,0.0,0.0,0.0,0.0,0.0
192.168.10.11,PLC2,PLC,OT,10,2026-06-01 12:01:40,22,1,1,73.33,0.1668,0.8262,0.0,0.0,0.0,0.0,0.0
192.168.10.20,HMI,HMI,OT,10,2026-06-01 12:01:40,19,2,1,58.04,0.3706,0.9103,0.0,0.0,0.0,0.0,0.0
192.168.10.50,Engineering-WS,WORKSTATION,OT,10,2026-06-01 12:01:40,216,4,5,83.28,1.2336,0.5167,0.0,0.0,0.2945,0.3267,0.6382
192.168.20.10,Sensor-Temp,SENSOR,IoT,10,2026-06-01 12:01:40,3,1,1,67.94,0.4173,0.0,0.8165,0.0,0.0,0.0,0.0
192.168.20.11,Sensor-Press,SENSOR,IoT,10,2026-06-01 12:01:40,9,1,2,59.9,0.0637,0.0,0.7617,0.0,0.0,0.0,0.0
192.168.20.100,MQTT-Broker,BROKER,IoT,10,2026-06-01 12:01:40,14,1,2,66.06,0.105,0.0,0.7499,0.0,0.0,0.0,0.0
192.168.30.10,CCTV-Camera,CAMERA,DMZ,10,2026-06-01 12:01:40,6,1,2,73.48,0.3901,0.0,0.0,0.7768,0.0,0.0,0.0
192.168.30.100,Cloud-Gateway,GATEWAY,DMZ,10,2026-06-01 12:01:40,8,2,1,60.23,0.4629,0.0,0.0,0.0,0.0,0.0,0.0
192.168.10.10,PLC1,PLC,OT,11,2026-06-01 12:01:50,22,1,1,59.92,0.4881,0.9622,0.0,0.0,0.0,0.0,0.0
192.168.10.11,PLC2,PLC,OT,11,2026-06-01 12:01:50,24,2,1,65.71,0.0897,0.9849,0.0,0.0,0.0,0.0,0.0
192.168.10.20,HMI,HMI,OT,11,2026-06-01 12:01:50,18,2,1,68.14,0.1334,0.9575,0.0,0.0,0.0,0.0,0.0
192.168.10.50,Engineering-WS,WORKSTATION,OT,11,2026-06-01 12:01:50,233,3,8,80.07,1.4617,0.5333,0.0,0.0,0.2859,0.3533,0.5445
192.168.20.10,Sensor-Temp,SENSOR,IoT,11,2026-06-01 12:01:50,10,2,2,62.68,0.1526,0.0,0.8591,0.0,0.0,0.0,0.0
192.168.20.11,Sensor-Press,SENSOR,IoT,11,2026-06-01 12:01:50,14,1,1,67.13,0.0118,0.0,0.7386,0.0,0.0,0.0,0.0
192.168.20.100,MQTT-Broker,BROKER,IoT,11,2026-06-01 12:01:50,9,2,2,58.65,0.4322,0.0,0.8934,0.0,0.0,0.0,0.0
192.168.30.10,CCTV-Camera,CAMERA,DMZ,11,2026-06-01 12:01:50,5,2,2,62.88,0.3207,0.0,0.0,0.6799,0.0,0.0,0.0
192.168.30.100,Cloud-Gateway,GATEWAY,DMZ,11,2026-06-01 12:01:50,11,2,1,66.37,0.0577,0.0,0.0,0.0,0.0,0.0,0.0
192.168.10.10,PLC1,PLC,OT,12,2026-06-01 12:02:00,24,2,1,59.77,0.2903,0.9967,0.0,0.0,0.0,0.0,0.0
192.168.10.11,PLC2,PLC,OT,12,2026-06-01 12:02:00,20,1,1,61.77,0.2983,0.8691,0.0,0.0,0.0,0.0,0.0
192.168.10.20,HMI,HMI,OT,12,2026-06-01 12:02:00,20,2,2,65.07,0.3031,0.9023,0.0,0.0,0.0,0.0,0.0
192.168.10.50,Engineering-WS,WORKSTATION,OT,12,2026-06-01 12:02:00,250,4,6,73.77,1.2764,0.55,0.0,0.0,0.2709,0.38,0.5003
192.168.20.10,Sensor-Temp,SENSOR,IoT,12,2026-06-01 12:02:00,6,1,2,65.93,0.2156,0.0,0.8898,0.0,0.0,0.0,0.0
192.168.20.11,Sensor-Press,SENSOR,IoT,12,2026-06-01 12:02:00,3,2,2,64.77,0.3317,0.0,0.7249,0.0,0.0,0.0,0.0
192.168.20.100,MQTT-Broker,BROKER,IoT,12,2026-06-01 12:02:00,12,2,2,58.29,0.3334,0.0,0.7652,0.0,0.0,0.0,0.0
192.168.30.10,CCTV-Camera,CAMERA,DMZ,12,2026-06-01 12:02:00,5,2,1,66.8,0.0959,0.0,0.0,0.733,0.0,0.0,0.0
192.168.30.100,Cloud-Gateway,GATEWAY,DMZ,12,2026-06-01 12:02:00,12,2,1,69.27,0.3078,0.0,0.0,0.0,0.0,0.0,0.0
192.168.10.10,PLC1,PLC,OT,13,2026-06-01 12:02:10,20,2,2,59.31,0.274,0.8001,0.0,0.0,0.0,0.0,0.0
192.168.10.11,PLC2,PLC,OT,13,2026-06-01 12:02:10,26,2,1,66.57,0.2149,0.916,0.0,0.0,0.0,0.0,0.0
192.168.10.20,HMI,HMI,OT,13,2026-06-01 12:02:10,19,2,2,83.26,0.2209,0.9351,0.0,0.0,0.0,0.0,0.0
192.168.10.50,Engineering-WS,WORKSTATION,OT,13,2026-06-01 12:02:10,266,5,8,82.85,1.4381,0.5667,0.0,0.0,0.296,0.4067,0.6472
192.168.20.10,Sensor-Temp,SENSOR,IoT,13,2026-06-01 12:02:10,9,1,2,68.77,0.2577,0.0,0.8266,0.0,0.0,0.0,0.0
192.168.20.11,Sensor-Press,SENSOR,IoT,13,2026-06-01 12:02:10,7,2,1,62.42,0.4092,0.0,0.8502,0.0,0.0,0.0,0.0
192.168.20.100,MQTT-Broker,BROKER,IoT,13,2026-06-01 12:02:10,14,2,1,60.14,0.4033,0.0,0.7295,0.0,0.0,0.0,0.0
192.168.30.10,CCTV-Camera,CAMERA,DMZ,13,2026-06-01 12:02:10,3,1,1,61.57,0.492,0.0,0.0,0.7223,0.0,0.0,0.0
192.168.30.100,Cloud-Gateway,GATEWAY,DMZ,13,2026-06-01 12:02:10,9,1,2,75.57,0.2072,0.0,0.0,0.0,0.0,0.0,0.0
192.168.10.10,PLC1,PLC,OT,14,2026-06-01 12:02:20,19,1,2,67.43,0.2472,0.8488,0.0,0.0,0.0,0.0,0.0
192.168.10.11,PLC2,PLC,OT,14,2026-06-01 12:02:20,20,1,1,61.64,0.3892,0.8438,0.0,0.0,0.0,0.0,0.0
192.168.10.20,HMI,HMI,OT,14,2026-06-01 12:02:20,21,2,1,64.32,0.2787,0.9835,0.0,0.0,0.0,0.0,0.0
192.168.10.50,Engineering-WS,WORKSTATION,OT,14,2026-06-01 12:02:20,283,3,8,74.61,1.24,0.5833,0.0,0.0,0.2465,0.4333,0.6062
192.168.20.10,Sensor-Temp,SENSOR,IoT,14,2026-06-01 12:02:20,3,2,2,67.4,0.3063,0.0,0.8439,0.0,0.0,0.0,0.0
192.168.20.11,Sensor-Press,SENSOR,IoT,14,2026-06-01 12:02:20,3,2,2,65.08,0.4486,0.0,0.8487,0.0,0.0,0.0,0.0
192.168.20.100,MQTT-Broker,BROKER,IoT,14,2026-06-01 12:02:20,12,2,2,60.74,0.1296,0.0,0.7494,0.0,0.0,0.0,0.0
192.168.30.10,CCTV-Camera,CAMERA,DMZ,14,2026-06-01 12:02:20,10,2,2,67.17,0.3134,0.0,0.0,0.6549,0.0,0.0,0.0
192.168.30.100,Cloud-Gateway,GATEWAY,DMZ,14,2026-06-01 12:02:20,2,1,2,64.93,0.1172,0.0,0.0,0.0,0.0,0.0,0.0
192.168.10.10,PLC1,PLC,OT,15,2026-06-01 12:02:30,23,2,2,68.26,0.4465,0.8161,0.0,0.0,0.0,0.0,0.0
192.168.10.11,PLC2,PLC,OT,15,2026-06-01 12:02:30,22,1,1,63.43,0.1915,0.8306,0.0,0.0,0.0,0.0,0.0
192.168.10.20,HMI,HMI,OT,15,2026-06-01 12:02:30,19,1,1,68.33,0.2074,0.8662,0.0,0.0,0.0,0.0,0.0
192.168.10.50,Engineering-WS,WORKSTATION,OT,15,2026-06-01 12:02:30,300,4,8,74.0,1.2187,0.6,0.0,0.0,0.2833,0.46,0.5779
192.168.20.10,Sensor-Temp,SENSOR,IoT,15,2026-06-01 12:02:30,4,1,2,61.63,0.2385,0.0,0.8885,0.0,0.0,0.0,0.0
192.168.20.11,Sensor-Press,SENSOR,IoT,15,2026-06-01 12:02:30,4,2,2,72.83,0.4267,0.0,0.8907,0.0,0.0,0.0,0.0
192.168.20.100,MQTT-Broker,BROKER,IoT,15,2026-06-01 12:02:30,13,2,1,57.7,0.2441,0.0,0.7546,0.0,0.0,0.0,0.0
192.168.30.10,CCTV-Camera,CAMERA,DMZ,15,2026-06-01 12:02:30,6,2,1,74.61,0.1944,0.0,0.0,0.7338,0.0,0.0,0.0
192.168.30.100,Cloud-Gateway,GATEWAY,DMZ,15,2026-06-01 12:02:30,12,2,1,56.4,0.4203,0.0,0.0,0.0,0.0,0.0,0.0
192.168.10.10,PLC1,PLC,OT,16,2026-06-01 12:02:40,23,1,1,70.33,0.4535,0.9184,0.0,0.0,0.0,0.0,0.0
192.168.10.11,PLC2,PLC,OT,16,2026-06-01 12:02:40,22,1,1,66.22,0.3214,0.8271,0.0,0.0,0.0,0.0,0.0
192.168.10.20,HMI,HMI,OT,16,2026-06-01 12:02:40,20,2,1,59.37,0.0251,0.8758,0.0,0.0,0.0,0.0,0.0
192.168.10.50,Engineering-WS,WORKSTATION,OT,16,2026-06-01 12:02:40,316,3,8,79.7,1.2981,0.6167,0.0,0.0,0.2761,0.4867,0.5758
192.168.20.10,Sensor-Temp,SENSOR,IoT,16,2026-06-01 12:02:40,1,2,2,58.88,0.4175,0.0,0.7941,0.0,0.0,0.0,0.0
192.168.20.11,Sensor-Press,SENSOR,IoT,16,2026-06-01 12:02:40,5,1,2,57.76,0.1121,0.0,0.7137,0.0,0.0,0.0,0.0
192.168.20.100,MQTT-Broker,BROKER,IoT,16,2026-06-01 12:02:40,16,1,1,56.85,0.4748,0.0,0.7399,0.0,0.0,0.0,0.0
192.168.30.10,CCTV-Camera,CAMERA,DMZ,16,2026-06-01 12:02:40,2,1,1,64.65,0.1193,0.0,0.0,0.6947,0.0,0.0,0.0
192.168.30.100,Cloud-Gateway,GATEWAY,DMZ,16,2026-06-01 12:02:40,13,1,1,56.82,0.2325,0.0,0.0,0.0,0.0,0.0,0.0
192.168.10.10,PLC1,PLC,OT,17,2026-06-01 12:02:50,28,2,2,64.05,0.0839,0.9214,0.0,0.0,0.0,0.0,0.0
192.168.10.11,PLC2,PLC,OT,17,2026-06-01 12:02:50,22,1,1,66.31,0.4824,0.8216,0.0,0.0,0.0,0.0,0.0
192.168.10.20,HMI,HMI,OT,17,2026-06-01 12:02:50,18,1,2,61.0,0.2879,0.9816,0.0,0.0,0.0,0.0,0.0
192.168.10.50,Engineering-WS,WORKSTATION,OT,17,2026-06-01 12:02:50,333,4,8,80.35,1.4824,0.6333,0.0,0.0,0.2198,0.5133,0.6184
192.168.20.10,Sensor-Temp,SENSOR,IoT,17,2026-06-01 12:02:50,4,1,1,64.57,0.3486,0.0,0.7603,0.0,0.0,0.0,0.0
192.168.20.11,Sensor-Press,SENSOR,IoT,17,2026-06-01 12:02:50,7,1,1,71.93,0.1736,0.0,0.7857,0.0,0.0,0.0,0.0
192.168.20.100,MQTT-Broker,BROKER,IoT,17,2026-06-01 12:02:50,8,2,1,74.67,0.253,0.0,0.7682,0.0,0.0,0.0,0.0
192.168.30.10,CCTV-Camera,CAMERA,DMZ,17,2026-06-01 12:02:50,1,2,2,63.24,0.0528,0.0,0.0,0.7922,0.0,0.0,0.0
192.168.30.100,Cloud-Gateway,GATEWAY,DMZ,17,2026-06-01 12:02:50,10,2,1,65.4,0.2177,0.0,0.0,0.0,0.0,0.0,0.0
192.168.10.10,PLC1,PLC,OT,18,2026-06-01 12:03:00,23,2,2,62.96,0.2324,0.9651,0.0,0.0,0.0,0.0,0.0
192.168.10.11,PLC2,PLC,OT,18,2026-06-01 12:03:00,23,2,2,61.05,0.4259,0.9661,0.0,0.0,0.0,0.0,0.0
192.168.10.20,HMI,HMI,OT,18,2026-06-01 12:03:00,20,1,2,65.79,0.4408,0.8488,0.0,0.0,0.0,0.0,0.0
192.168.10.50,Engineering-WS,WORKSTATION,OT,18,2026-06-01 12:03:00,350,4,8,76.54,1.3009,0.65,0.0,0.0,0.2494,0.54,0.565
192.168.20.10,Sensor-Temp,SENSOR,IoT,18,2026-06-01 12:03:00,8,2,1,65.54,0.1774,0.0,0.7517,0.0,0.0,0.0,0.0
192.168.20.11,Sensor-Press,SENSOR,IoT,18,2026-06-01 12:03:00,8,2,2,67.15,0.2779,0.0,0.8033,0.0,0.0,0.0,0.0
192.168.20.100,MQTT-Broker,BROKER,IoT,18,2026-06-01 12:03:00,9,1,1,61.2,0.1207,0.0,0.7813,0.0,0.0,0.0,0.0
192.168.30.10,CCTV-Camera,CAMERA,DMZ,18,2026-06-01 12:03:00,6,1,2,67.05,0.323,0.0,0.0,0.6982,0.0,0.0,0.0
192.168.30.100,Cloud-Gateway,GATEWAY,DMZ,18,2026-06-01 12:03:00,8,1,1,64.59,0.1471,0.0,0.0,0.0,0.0,0.0,0.0
192.168.10.10,PLC1,PLC,OT,19,2026-06-01 12:03:10,28,2,1,61.04,0.1531,0.9163,0.0,0.0,0.0,0.0,0.0
192.168.10.11,PLC2,PLC,OT,19,2026-06-01 12:03:10,26,2,2,62.99,0.2128,0.9492,0.0,0.0,0.0,0.0,0.0
192.168.10.20,HMI,HMI,OT,19,2026-06-01 12:03:10,17,2,2,69.49,0.3514,0.8542,0.0,0.0,0.0,0.0,0.0
192.168.10.50,Engineering-WS,WORKSTATION,OT,19,2026-06-01 12:03:10,366,4,6,84.13,1.2362,0.6667,0.0,0.0,0.2193,0.5667,0.5239
192.168.20.10,Sensor-Temp,SENSOR,IoT,19,2026-06-01 12:03:10,8,1,1,70.53,0.1082,0.0,0.7968,0.0,0.0,0.0,0.0
192.168.20.11,Sensor-Press,SENSOR,IoT,19,2026-06-01 12:03:10,6,2,1,67.41,0.4163,0.0,0.7592,0.0,0.0,0.0,0.0
192.168.20.100,MQTT-Broker,BROKER,IoT,19,2026-06-01 12:03:10,11,2,1,65.62,0.1511,0.0,0.8416,0.0,0.0,0.0,0.0
192.168.30.10,CCTV-Camera,CAMERA,DMZ,19,2026-06-01 12:03:10,3,1,2,64.48,0.0228,0.0,0.0,0.6109,0.0,0.0,0.0
192.168.30.100,Cloud-Gateway,GATEWAY,DMZ,19,2026-06-01 12:03:10,10,2,1,59.91,0.3189,0.0,0.0,0.0,0.0,0.0,0.0
192.168.10.10,PLC1,PLC,OT,20,2026-06-01 12:03:20,31,2,1,58.97,0.4364,0.9148,0.0,0.0,0.0,0.0,0.0
192.168.10.11,PLC2,PLC,OT,20,2026-06-01 12:03:20,21,2,2,69.79,0.2202,0.8369,0.0,0.0,0.0,0.0,0.0
192.168.10.20,HMI,HMI,OT,20,2026-06-01 12:03:20,20,1,2,67.12,0.4705,0.8955,0.0,0.0,0.0,0.0,0.0
192.168.10.50,Engineering-WS,WORKSTATION,OT,20,2026-06-01 12:03:20,383,3,8,83.14,1.3475,0.6833,0.0,0.0,0.2577,0.5933,0.6373
192.168.20.10,Sensor-Temp,SENSOR,IoT,20,2026-06-01 12:03:20,5,1,1,59.51,0.4056,0.0,0.8898,0.0,0.0,0.0,0.0
192.168.20.11,Sensor-Press,SENSOR,IoT,20,2026-06-01 12:03:20,6,1,1,60.61,0.0592,0.0,0.8529,0.0,0.0,0.0,0.0
192.168.20.100,MQTT-Broker,BROKER,IoT,20,2026-06-01 12:03:20,14,1,2,63.26,0.2253,0.0,0.7885,0.0,0.0,0.0,0.0
192.168.30.10,CCTV-Camera,CAMERA,DMZ,20,2026-06-01 12:03:20,1,2,2,62.39,0.2843,0.0,0.0,0.612,0.0,0.0,0.0
192.168.30.100,Cloud-Gateway,GATEWAY,DMZ,20,2026-06-01 12:03:20,10,1,1,61.18,0.3128,0.0,0.0,0.0,0.0,0.0,0.0
192.168.10.10,PLC1,PLC,OT,21,2026-06-01 12:03:30,22,2,1,65.22,0.0785,0.8348,0.0,0.0,0.0,0.0,0.0
192.168.10.11,PLC2,PLC,OT,21,2026-06-01 12:03:30,25,1,1,61.47,0.0013,0.8901,0.0,0.0,0.0,0.0,0.0
192.168.10.20,HMI,HMI,OT,21,2026-06-01 12:03:30,16,2,2,65.16,0.0163,0.8576,0.0,0.0,0.0,0.0,0.0
192.168.10.50,Engineering-WS,WORKSTATION,OT,21,2026-06-01 12:03:30,336,11,16,48.42,2.0062,0.3924,0.1394,0.1313,0.5322,0.2934,0.785
192.168.20.10,Sensor-Temp,SENSOR,IoT,21,2026-06-01 12:03:30,1,1,1,60.41,0.4542,0.0,0.8653,0.0,0.0,0.0,0.0
192.168.20.11,Sensor-Press,SENSOR,IoT,21,2026-06-01 12:03:30,5,1,1,65.55,0.083,0.0,0.7615,0.0,0.0,0.0,0.0
192.168.20.100,MQTT-Broker,BROKER,IoT,21,2026-06-01 12:03:30,16,2,2,68.29,0.0622,0.0,0.8377,0.0,0.0,0.0,0.0
192.168.30.10,CCTV-Camera,CAMERA,DMZ,21,2026-06-01 12:03:30,3,2,2,63.9,0.2502,0.0,0.0,0.6988,0.0,0.0,0.0
192.168.30.100,Cloud-Gateway,GATEWAY,DMZ,21,2026-06-01 12:03:30,5,1,1,63.91,0.4447,0.0,0.0,0.0,0.0,0.0,0.0
192.168.10.10,PLC1,PLC,OT,22,2026-06-01 12:03:40,24,2,2,65.61,0.0129,0.8458,0.0,0.0,0.0,0.0,0.0
192.168.10.11,PLC2,PLC,OT,22,2026-06-01 12:03:40,22,1,2,66.6,0.2881,0.9526,0.0,0.0,0.0,0.0,0.0
192.168.10.20,HMI,HMI,OT,22,2026-06-01 12:03:40,22,1,2,63.46,0.2595,0.8884,0.0,0.0,0.0,0.0,0.0
192.168.10.50,Engineering-WS,WORKSTATION,OT,22,2026-06-01 12:03:40,335,9,24,63.21,1.9308,0.3814,0.1485,0.1235,0.4817,0.2321,0.7209
192.168.20.10,Sensor-Temp,SENSOR,IoT,22,2026-06-01 12:03:40,8,1,2,61.99,0.2058,0.0,0.7991,0.0,0.0,0.0,0.0
192.168.20.11,Sensor-Press,SENSOR,IoT,22,2026-06-01 12:03:40,6,2,1,64.06,0.2274,0.0,0.7629,0.0,0.0,0.0,0.0
192.168.20.100,MQTT-Broker,BROKER,IoT,22,2026-06-01 12:03:40,12,2,1,60.13,0.4851,0.0,0.7808,0.0,0.0,0.0,0.0
192.168.30.10,CCTV-Camera,CAMERA,DMZ,22,2026-06-01 12:03:40,4,1,2,66.49,0.2066,0.0,0.0,0.6375,0.0,0.0,0.0
192.168.30.100,Cloud-Gateway,GATEWAY,DMZ,22,2026-06-01 12:03:40,13,2,2,68.8,0.3127,0.0,0.0,0.0,0.0,0.0,0.0
192.168.10.10,PLC1,PLC,OT,23,2026-06-01 12:03:50,31,1,1,60.16,0.1335,0.8262,0.0,0.0,0.0,0.0,0.0
192.168.10.11,PLC2,PLC,OT,23,2026-06-01 12:03:50,27,2,2,64.92,0.4404,0.8969,0.0,0.0,0.0,0.0,0.0
192.168.10.20,HMI,HMI,OT,23,2026-06-01 12:03:50,24,1,1,59.96,0.3549,0.8622,0.0,0.0,0.0,0.0,0.0
192.168.10.50,Engineering-WS,WORKSTATION,OT,23,2026-06-01 12:03:50,301,11,16,53.28,1.8674,0.3841,0.1057,0.1474,0.5295,0.2154,0.8865
192.168.20.10,Sensor-Temp,SENSOR,IoT,23,2026-06-01 12:03:50,4,2,2,53.38,0.2077,0.0,0.7965,0.0,0.0,0.0,0.0
192.168.20.11,Sensor-Press,SENSOR,IoT,23,2026-06-01 12:03:50,4,2,1,60.2,0.2284,0.0,0.7289,0.0,0.0,0.0,0.0
192.168.20.100,MQTT-Broker,BROKER,IoT,23,2026-06-01 12:03:50,12,1,1,65.71,0.432,0.0,0.7552,0.0,0.0,0.0,0.0
192.168.30.10,CCTV-Camera,CAMERA,DMZ,23,2026-06-01 12:03:50,9,2,2,68.75,0.4671,0.0,0.0,0.7015,0.0,0.0,0.0
192.168.30.100,Cloud-Gateway,GATEWAY,DMZ,23,2026-06-01 12:03:50,7,1,2,59.51,0.363,0.0,0.0,0.0,0.0,0.0,0.0
192.168.10.10,PLC1,PLC,OT,24,2026-06-01 12:04:00,26,2,1,57.4,0.2233,0.8969,0.0,0.0,0.0,0.0,0.0
192.168.10.11,PLC2,PLC,OT,24,2026-06-01 12:04:00,30,2,2,69.9,0.2277,0.8644,0.0,0.0,0.0,0.0,0.0
192.168.10.20,HMI,HMI,OT,24,2026-06-01 12:04:00,16,1,1,55.43,0.2859,0.8467,0.0,0.0,0.0,0.0,0.0
192.168.10.50,Engineering-WS,WORKSTATION,OT,24,2026-06-01 12:04:00,399,11,15,70.83,1.8955,0.3473,0.1457,0.1191,0.5977,0.2792,0.8304
192.168.20.10,Sensor-Temp,SENSOR,IoT,24,2026-06-01 12:04:00,5,1,2,70.19,0.4824,0.0,0.7252,0.0,0.0,0.0,0.0
192.168.20.11,Sensor-Press,SENSOR,IoT,24,2026-06-01 12:04:00,1,2,1,61.0,0.4371,0.0,0.7881,0.0,0.0,0.0,0.0
192.168.20.100,MQTT-Broker,BROKER,IoT,24,2026-06-01 12:04:00,12,2,1,64.23,0.3612,0.0,0.782,0.0,0.0,0.0,0.0
192.168.30.10,CCTV-Camera,CAMERA,DMZ,24,2026-06-01 12:04:00,2,1,1,67.11,0.2347,0.0,0.0,0.7938,0.0,0.0,0.0
192.168.30.100,Cloud-Gateway,GATEWAY,DMZ,24,2026-06-01 12:04:00,5,2,2,63.29,0.3249,0.0,0.0,0.0,0.0,0.0,0.0
192.168.10.10,PLC1,PLC,OT,25,2026-06-01 12:04:10,25,2,2,66.57,0.4771,0.9254,0.0,0.0,0.0,0.0,0.0
192.168.10.11,PLC2,PLC,OT,25,2026-06-01 12:04:10,27,2,1,58.38,0.3087,0.847,0.0,0.0,0.0,0.0,0.0
192.168.10.20,HMI,HMI,OT,25,2026-06-01 12:04:10,13,2,1,70.39,0.3734,0.8868,0.0,0.0,0.0,0.0,0.0
192.168.10.50,Engineering-WS,WORKSTATION,OT,25,2026-06-01 12:04:10,312,8,22,62.66,1.8499,0.3299,0.1014,0.1162,0.4112,0.2358,0.7861
192.168.20.10,Sensor-Temp,SENSOR,IoT,25,2026-06-01 12:04:10,3,1,2,71.76,0.283,0.0,0.8585,0.0,0.0,0.0,0.0
192.168.20.11,Sensor-Press,SENSOR,IoT,25,2026-06-01 12:04:10,6,1,1,69.9,0.0395,0.0,0.8742,0.0,0.0,0.0,0.0
192.168.20.100,MQTT-Broker,BROKER,IoT,25,2026-06-01 12:04:10,12,1,2,74.3,0.4564,0.0,0.7286,0.0,0.0,0.0,0.0
192.168.30.10,CCTV-Camera,CAMERA,DMZ,25,2026-06-01 12:04:10,9,2,2,62.76,0.2298,0.0,0.0,0.7334,0.0,0.0,0.0
192.168.30.100,Cloud-Gateway,GATEWAY,DMZ,25,2026-06-01 12:04:10,11,2,2,67.23,0.3388,0.0,0.0,0.0,0.0,0.0,0.0
192.168.10.10,PLC1,PLC,OT,26,2026-06-01 12:04:20,29,1,1,59.18,0.2209,0.8691,0.0,0.0,0.0,0.0,0.0
192.168.10.11,PLC2,PLC,OT,26,2026-06-01 12:04:20,27,2,2,69.29,0.3452,0.8914,0.0,0.0,0.0,0.0,0.0
192.168.10.20,HMI,HMI,OT,26,2026-06-01 12:04:20,12,2,1,58.08,0.4997,0.9707,0.0,0.0,0.0,0.0,0.0
192.168.10.50,Engineering-WS,WORKSTATION,OT,26,2026-06-01 12:04:20,313,9,21,43.69,1.9716,0.3575,0.1496,0.1148,0.5956,0.2658,0.7549
192.168.20.10,Sensor-Temp,SENSOR,IoT,26,2026-06-01 12:04:20,5,1,2,67.59,0.4164,0.0,0.8806,0.0,0.0,0.0,0.0
192.168.20.11,Sensor-Press,SENSOR,IoT,26,2026-06-01 12:04:20,10,1,2,64.37,0.1095,0.0,0.738,0.0,0.0,0.0,0.0
192.168.20.100,MQTT-Broker,BROKER,IoT,26,2026-06-01 12:04:20,16,2,1,57.1,0.3141,0.0,0.8807,0.0,0.0,0.0,0.0
192.168.30.10,CCTV-Camera,CAMERA,DMZ,26,2026-06-01 12:04:20,1,1,2,63.72,0.3943,0.0,0.0,0.6067,0.0,0.0,0.0
192.168.30.100,Cloud-Gateway,GATEWAY,DMZ,26,2026-06-01 12:04:20,10,2,1,63.84,0.0451,0.0,0.0,0.0,0.0,0.0,0.0
192.168.10.10,PLC1,PLC,OT,27,2026-06-01 12:04:30,18,2,2,63.55,0.3737,0.8351,0.0,0.0,0.0,0.0,0.0
192.168.10.11,PLC2,PLC,OT,27,2026-06-01 12:04:30,21,1,2,67.35,0.2654,0.9827,0.0,0.0,0.0,0.0,0.0
192.168.10.20,HMI,HMI,OT,27,2026-06-01 12:04:30,19,1,2,59.3,0.457,0.9888,0.0,0.0,0.0,0.0,0.0
192.168.10.50,Engineering-WS,WORKSTATION,OT,27,2026-06-01 12:04:30,337,10,16,55.89,1.9405,0.3075,0.1377,0.1113,0.5353,0.2674,0.7795
192.168.20.10,Sensor-Temp,SENSOR,IoT,27,2026-06-01 12:04:30,2,2,1,63.69,0.3953,0.0,0.7028,0.0,0.0,0.0,0.0
192.168.20.11,Sensor-Press,SENSOR,IoT,27,2026-06-01 12:04:30,8,1,2,59.07,0.1843,0.0,0.8498,0.0,0.0,0.0,0.0
192.168.20.100,MQTT-Broker,BROKER,IoT,27,2026-06-01 12:04:30,13,2,2,61.35,0.4112,0.0,0.8881,0.0,0.0,0.0,0.0
192.168.30.10,CCTV-Camera,CAMERA,DMZ,27,2026-06-01 12:04:30,1,1,1,63.46,0.2357,0.0,0.0,0.7239,0.0,0.0,0.0
192.168.30.100,Cloud-Gateway,GATEWAY,DMZ,27,2026-06-01 12:04:30,5,2,1,61.23,0.3238,0.0,0.0,0.0,0.0,0.0,0.0
192.168.10.10,PLC1,PLC,OT,28,2026-06-01 12:04:40,21,2,2,73.82,0.3246,0.8233,0.0,0.0,0.0,0.0,0.0
192.168.10.11,PLC2,PLC,OT,28,2026-06-01 12:04:40,25,1,1,60.5,0.1522,0.8985,0.0,0.0,0.0,0.0,0.0
192.168.10.20,HMI,HMI,OT,28,2026-06-01 12:04:40,18,1,1,63.44,0.4436,0.8271,0.0,0.0,0.0,0.0,0.0
192.168.10.50,Engineering-WS,WORKSTATION,OT,28,2026-06-01 12:04:40,358,10,25,58.23,2.0848,0.3696,0.127,0.1294,0.5453,0.2885,0.831
192.168.20.10,Sensor-Temp,SENSOR,IoT,28,2026-06-01 12:04:40,7,2,2,67.79,0.4695,0.0,0.7559,0.0,0.0,0.0,0.0
192.168.20.11,Sensor-Press,SENSOR,IoT,28,2026-06-01 12:04:40,4,2,1,61.12,0.2217,0.0,0.8901,0.0,0.0,0.0,0.0
192.168.20.100,MQTT-Broker,BROKER,IoT,28,2026-06-01 12:04:40,11,2,1,52.49,0.4905,0.0,0.7735,0.0,0.0,0.0,0.0
192.168.30.10,CCTV-Camera,CAMERA,DMZ,28,2026-06-01 12:04:40,1,2,1,70.83,0.1991,0.0,0.0,0.638,0.0,0.0,0.0
192.168.30.100,Cloud-Gateway,GATEWAY,DMZ,28,2026-06-01 12:04:40,13,1,2,62.75,0.0458,0.0,0.0,0.0,0.0,0.0,0.0
192.168.10.10,PLC1,PLC,OT,29,2026-06-01 12:04:50,26,1,1,65.56,0.0253,0.8667,0.0,0.0,0.0,0.0,0.0
192.168.10.11,PLC2,PLC,OT,29,2026-06-01 12:04:50,34,1,1,69.6,0.0343,0.953,0.0,0.0,0.0,0.0,0.0
192.168.10.20,HMI,HMI,OT,29,2026-06-01 12:04:50,17,1,1,59.22,0.4065,0.8466,0.0,0.0,0.0,0.0,0.0
192.168.10.50,Engineering-WS,WORKSTATION,OT,29,2026-06-01 12:04:50,399,9,24,47.15,1.8009,0.3858,0.1072,0.1065,0.4501,0.2174,0.8322
192.168.20.10,Sensor-Temp,SENSOR,IoT,29,2026-06-01 12:04:50,6,1,1,60.22,0.0074,0.0,0.858,0.0,0.0,0.0,0.0
192.168.20.11,Sensor-Press,SENSOR,IoT,29,2026-06-01 12:04:50,1,1,2,60.77,0.0079,0.0,0.7531,0.0,0.0,0.0,0.0
192.168.20.100,MQTT-Broker,BROKER,IoT,29,2026-06-01 12:04:50,8,1,2,72.44,0.263,0.0,0.8491,0.0,0.0,0.0,0.0
192.168.30.10,CCTV-Camera,CAMERA,DMZ,29,2026-06-01 12:04:50,6,2,2,63.96,0.389,0.0,0.0,0.7026,0.0,0.0,0.0
192.168.30.100,Cloud-Gateway,GATEWAY,DMZ,29,2026-06-01 12:04:50,13,1,2,64.39,0.2519,0.0,0.0,0.0,0.0,0.0,0.0
192.168.10.10,PLC1,PLC,OT,30,2026-06-01 12:05:00,22,1,2,71.62,0.229,0.9928,0.0,0.0,0.0,0.0,0.0
192.168.10.11,PLC2,PLC,OT,30,2026-06-01 12:05:00,26,1,2,58.81,0.4236,0.8853,0.0,0.0,0.0,0.0,0.0
192.168.10.20,HMI,HMI,OT,30,2026-06-01 12:05:00,17,1,2,59.62,0.3562,0.8887,0.0,0.0,0.0,0.0,0.0
192.168.10.50,Engineering-WS,WORKSTATION,OT,30,2026-06-01 12:05:00,310,10,24,48.94,1.8445,0.3126,0.1312,0.1293,0.5424,0.2381,0.8195
192.168.20.10,Sensor-Temp,SENSOR,IoT,30,2026-06-01 12:05:00,8,2,2,73.55,0.2528,0.0,0.786,0.0,0.0,0.0,0.0
192.168.20.11,Sensor-Press,SENSOR,IoT,30,2026-06-01 12:05:00,1,1,1,66.81,0.215,0.0,0.8776,0.0,0.0,0.0,0.0
192.168.20.100,MQTT-Broker,BROKER,IoT,30,2026-06-01 12:05:00,10,2,2,61.56,0.4137,0.0,0.7797,0.0,0.0,0.0,0.0
192.168.30.10,CCTV-Camera,CAMERA,DMZ,30,2026-06-01 12:05:00,2,1,2,59.68,0.2134,0.0,0.0,0.733,0.0,0.0,0.0
192.168.30.100,Cloud-Gateway,GATEWAY,DMZ,30,2026-06-01 12:05:00,9,2,1,59.85,0.3434,0.0,0.0,0.0,0.0,0.0,0.0
